title,url
Rider airlifted to hospital after rolling down ravine near Sand Hollow State Park,https://news.google.com/read/CBMiigNBVV95cUxPdW1CWjJxZTFyMVFtX1hkMG9ISndPRDhBYXI5NFY4bi1KNlJkMEhRSjVaWlFJNXlGeVQwZVpFRGdRbUpqUmN5Q1RWNm9WWWVqVE92WHAwX1VjWHczc2V6ZXFBMDdaN20wVldDVkN0bjUxU3preUx5b3I5VkpnWnE5VWRpaVRWZTNxWXhNLUtLR2k2NlJDdlJvcjl0TE5ZUU4wM0lIbHB3RGRKUVdGbzdhWlVQTFBTWEJQR00zNDhYaEQyOC1iMWh1dHBtdGhmSktKYmoya3hlN3JhRlVPYklhaVlqaGR2UTFZWWxCT3V4cUV4SThMbFpQQmVxUGotc085RFhnTjZBTnRsNjdfaVJRU0ZBNXF6b09IQkw4allicjhNYjkzMWl3SzdGblctZ2U5dk1KWVNYUF9tSHp2bzltQlNlbkFZWFpfR2pmNmY4NTNxN0NzUjJJdVUyX0pKU1NXcTJBQlJub3VMSVl5RU9oN09EdEJXZGVTa1dKbEx4YkZzUWt6R214WVdR?hl=en-US&gl=US&ceid=US%3Aen
U.K. government defends the BBC and Trump threatens to sue,https://news.google.com/read/CBMi1AJBVV95cUxObW1vQkF3bVRKWG5sa25iSVZUNDdlX0F1UUlkV2tZcFJMMFZJaEM0MFJ0dUxvQ0FZMlE1Y1R5NG9peERqZmhBRHRUNzY5RVcxS1hkTEJUUE1XRnpxa1k0TnBvMFFrQWhmdmRUYnBGU2RrQ2FiQ3FZdC1lUVFkUkZ3UzFoV1hlT1FuX01nNUJITGhyeTVKc0phbTNSYUwtMDhaM2ZaZUZ0dkdiTGkzYmhlQXF2U3YycWwzWXJGRUJYS0EwQ012ZHlDOWJVMWhhQ0xuX3IwSE8wQ3p2WnNHTy1GNUNIdVcwQ19nOUNfcjVRcW8xN0hYQU8wcFpOaDFpeWJ0MjQzZ0kyNFNRWnpMcUxZSGJScF9xYXh2MDFkTlo1anJZWjVBVWt2Z3BoNENKUnFkMXVhcEk3ZXdUWkg3NG9iN2JpNG1GQUdnRVBPS1lIdDI4N1pL?hl=en-US&gl=US&ceid=US%3Aen
Daily Jigsaw: India Fest,https://news.google.com/read/CBMingJBVV95cUxNUGlpQjU5ZUZIZy0wNl8yRWZ3QXBjVnkwQ01va3pQb2o2ZXBQS0lGZnZHYU1zVlhxRHZPX2l4RHNRLWtWR0Fxb3ZNN3dDQ2JWTm04QlJqODBPb1c2RWVTUnRYa0l1S096ZXQ3dmFBdDg5amNRUTBQUmJjMEt2NnB2UHVmOUZwM0dYc2NYSVU4b1RJT2tqMFhjdmhpQ2dWS0tvanVoTnpnS0lBMmdHWV9hT25sNEZXMk1DUkpPQjJzcU5veXVUSkY0eUNCblJBcThnMHdiM2Q5Rm1XVldFbjdjVUFsS3E2Ykt1aXlmdUZXNVRVWjJzMTR0Qy1xWFg0QWk5U25kSFhWdTlUM04zTzh1amUzbmlMQnk2d3lUQm5R?hl=en-US&gl=US&ceid=US%3Aen
Daily WordRow: Nov. 11,https://news.google.com/read/CBMimgJBVV95cUxOcWdkXy05QU5KSVpCTGlIdDVkb1ZTM0lmUURsN1lJS3c2bGhmNHN2ZXRIcTYyT2VhU3VBVm5NU2JWaWxSSk4yZV8wbm5YbmZTM3VNWnFXMW9rOVZ6V1B6QVNXc0VPSG9sdFd4MDF1MzA5SDJzQjBQQ0FIaGNTZThrbHpPSEMzSlVQNWdPYVRMNFlRSDFHODlFVHItZzlJV1lEYlUtU2RtVzhtV2tqX0xUWklqdXN2ejhfZllrZXdUQzdkVXJJYkxEWmthQTRYOFBHbHhtdG95ck9TUHlJdC1IU2MyVjVlR1VBWkxzRG1TZXhnb2xfUDhkR2c1bUJraVJ5YV9namNMZzd0T3l0Q3Vpc2RKM2R5cTNqY1E?hl=en-US&gl=US&ceid=US%3Aen
Opinion | California's 'Colorblind' laws fail Black students,https://news.google.com/read/CBMilwJBVV95cUxQTEIwZGZFX3RLdzhPcWNXQTJrdzZ3X2tzMUJrZHRibndsbGhvY0VYakpFTGFlZFBNbEQ4eldFUzQyTmRkdVRtYzBHODNJeGZnQXo1cGFLV2FlYWpGMDliNjFZZEk0NjJHVXRDcEdXREpWdDBUMjJJSDNsemsxd3RRS0dVejZBLTNpUHlyekFDOFduVXBTenlsYy0zZmhfT2Q3b0hZeWNKUHRiaDVXWkd5R3ljWE9MVWw2cW51Q2plb1JYdkNLN2g4T0wyVTZscTREX0tsbW1KLVB6RTFTb2NGdGRGSGJQMFRGVHNHb0lmWklnaUE2N2pyUnFJR0lVNWgtdFNOY1k5bnd3RmdjckpyWC0yVC1qZlU?hl=en-US&gl=US&ceid=US%3Aen
"UT hosts veterans appreciation breakfast, resource fair",https://news.google.com/read/CBMihgNBVV95cUxPMXAtMFVSUHNnYUNVeTRmNTFDTHI2MlduWUt1c0lrYUlmQXZGQjRkdnF1bkJsWWhoS3NkTXNtTU01SmF3cXhrVVRVb0FIRzhVWkZOeElQcXBLOG9ZUGpzOUJvREpjQW1YUW91emt6TEFVNndkMlFJZEtocF8zUk4xbGpjSnlVR05MLTFZMTUta2RGdU1ycFRhMWRaRHpWaXBuN0hhTXljaE9vYURrdFdfcmJ6Wks1MEt1VEZqSFJVbi1sNHZUcHEyYmc2RHJtMXdGZWhRVTZQMlpraXhFSlpYYllIU2syYmo2YkpYcGY2bGdGMnJwYlhScURUWmNGR3g0V29WVlluZjdTQzRlZU5iMk8zcDFHWU5QMWpQc0Rma2dCM2IxTXVVRnpKc0RQUXkwRGJpSFJoUzlrNXhWMFExYnBaZmRRY2RZV3pKNl9qQmZPZXhRRWpHWTN1N09mWGZpM2thY28yTkR6bXJud1dFMmRodEotbktJWElmaDl3eC1yM2N2dXc?hl=en-US&gl=US&ceid=US%3Aen
"List of flight cancellations at MSP airport on Weds, Nov. 12",https://news.google.com/read/CBMiwAJBVV95cUxQLTBDTTl4MnpjUjNMaHctUGNxbUhGOERaWnZPVUpnMUZXbDF2V0NXSlk1eUxDbjNnQ0RRQ3RDM2hmZTh5MGRWekRIR2dTOTZyZGZUU0prakVCYkNITTVLeGZQczBjTVFkT0EtSUg0QnFFNTYzTXhaZnBFaGZWTEQ0NHBsZWhlUjJPVWJwRWZhVTJXY1lCbmRLOFhIVjk3WEZBaFVST05TY2Ria3ZqUzl0ay13NkhRdTVDdTZkZDF3TzFWX3ZfSlZ1OXhackNtTXhpbGdnX1JId2NCMmJjZWtmWDJJQ2xCTEJTckZiUktSbkJXQk9UVUNiUzVacnRHU1E3eV91MDhuaTNmNTg5cWM1QlJ6N2dqYnZZU0RjT0wwek8xSVdJWUo5LTh0amRTS09wYXRfbE03ZzdvM2lMWjJUeQ?hl=en-US&gl=US&ceid=US%3Aen
Gov. Mills visits Lewiston to honor Maine veterans,https://news.google.com/read/CBMi7gJBVV95cUxPaHZLdV9XbmxUM2ZfQTl4QUJqSjdOXzIteklJYTN4VmJhZzRhYWJXVmxxeGhrX0hjTDVTNGVTQWZia0FNZmJZblk3V1BzZ0QwemVGLUQ5cGtZa3BtQ0dPOG1VTDBNRnI5RGN6ZXU0T0tacHhmQ281eVdTQVBEdjZGWFV0dm96WFZDTjlkRFktMHpBUmdEZHRrc3ZFU2RTbG11LXprMlZIeGpiWWpRSW9UZUowRWwyaWQ0NFBFOGNDcWRhamExWFhOdmdQbkFMay1mY19La19GZXRnRXRwaTFtZWNCQjNfSUdFY1pUVFNJaFhDQ2Nia24ydnZWQTdEYkNpUmVOX1lCakxvSjdLQ3Q3TnZFZ2tna2hEUnBNMHIweHF0a3gyNkRTYlVfZFhFd1R5eUpTbW9kN1FLTnFsVC03dE9YLXRsbGtiYzBYa3JfUEo1SFlfTGRlUkF2UlR3bDhqUEdFNWpULVdyZ1dWN2c?hl=en-US&gl=US&ceid=US%3Aen
"As Shutdown Nears End, Trump Still Confronts Soaring Health Costs",https://news.google.com/read/CBMi4ARBVV95cUxQRmdwV3lldlJ3dkRnbXdwOWFDcDI3eDlVSVo2MlF1NWJDclVaYzJEZi1NMGktYmxNVVRIYnZCTUhHWTN1Z1I5Yk13dzgteVF2aUpzSmM3WVJiNVFSVzR1OGZuREkyN2duLUt5dFJNVVBXWkNQTzJwbXdTU2RfOVpzbTVzd1lKVFNNUUJ1Ni1JVWdaaDZRdWxWWnp6VWo4WjVjb2ktYURQaFdpUlN2VFFKd0xNRllfOHFHdDk5NlVfbU9Gcll1ZjZsNzMybWhjUlBib1FzRW5ETUVaZEpBTERUWTFNQVQ5VVhMSWg0RTNwQjBhLUJJNGJrbFVFZlpuRWFIbXluSllhaTM2cHZkT09NWFdaRFp1bmV4MG9tcFpta0Ryb0FwSXFsZGlTMEZudDZTMURrUV9Ed3RrdVhCUE1mMnprampZRThaVWl5elZEU1d3QzUxWEY3aWFxN2wwOTF1aUh4WWlkdDJ3NzRDSnlhWEp1T2ZHWEFXTDJ3dm5IV3J1TmdhaFBHX1NDZDhNNnNiVHNLLVdFMUlVb0p4ekRYTVVfeGx1OVZBWFBmWEdMSVZuY0hpUmstTFN3Z2FiWkJtUTRyVTlyUDZES29paHJxNk1uNktKS0JYWExuT0JfT1lFdzNaV3hSOTd0UmxITUZFLXI2Y2ItWlg4STI0UVJxZDF5aVJhakhpYzdnN0pUd29feXg1dmJlSXZYc2p0aC0weTJNVEk3Wk50bmdnNXVCTTN2NzB5aVNROE9oLXB0d080ZFUyUWM0SjY0UTdBVlAxY3pKMm04b29FTzJhLXlqNw?hl=en-US&gl=US&ceid=US%3Aen
Community rallies to support TSA agents during federal shutdown,https://news.google.com/read/CBMirgJBVV95cUxNMkhRMXpCMW5iRGZJQ3pZaUhzSW56bEZDVXV6ZjM0aEY5MEpFTEVFRUdpZFJZV2xqdmRpWXFmZDNVa3NFYzFEMkhiZjYwaXpVb3NidXQzY2NHekdFLW13LU4yay1rNkNmRUlZRGxta01oa3p6RUtYcFY3WUtBMGhlS2xOSzZucnc3ZG1peXl6LW55S1lLNW13SEVtYW1VdFZEcElLM1p4LUZ3RXhEd1FDXzFMS1g1dlpxUWhHT19zbGlIVGI1cXBIR2JjUFBjT1pMS1BUcFBTUmNGTTJnUW45bFNSRHVXMEs3VHVjenVVMW5CRTBCal8yTmxjMmNPOHE1Y2V0enRUQkFaVkk2NEVEREVGbXluSUZxcXNMWW80ek1mNjZGSXJlOVIyeUJidw?hl=en-US&gl=US&ceid=US%3Aen
Group launches campaign to buy land planned for new Ramay Junior High,https://news.google.com/read/CBMi7wJBVV95cUxQaDd4VFZhNFFSU3RfUU54UUstWDdGbE5iN0J3YjV6TGo3MmRvSWhBRUlIUEVCQ0E5cEJyY2M5VVpndUFkLUNNS1FQdmVBTk40ejFycWdkaWFQNlJxNnRKWGJYMTdnS2lFRk5yVDBxNkpreHB3Yy0ydFFiTlVZNmtGa1FKYWRWdWthcGY4T29CZWQ3bFpVQlJzZW14Y0dLMnRwd0lEMTFtbWRxWVVsZHY3UUhaRHN1MlNUYnV5MjU4U05FUnhpUWNJeEtSMXlOb0Mxb2JhNjlCSFhyOWc4NXc1enhLbjZzem94Z0tXTERiNE5MT3gxNWpLMkJia1BaenMteXNaV2k0cXFjTjNXLXRBVkVraUpZMXNraktrckFfRlBoaEZPQnpmSWthYnduMlJsa09VaENQTGRSRWpINzdYV1FYcHJJdnljRXZjQjFqUi1ST2xGc0t5Y0hVdlRpSU5VcGszOFRkWnJKR1M3dV9N?hl=en-US&gl=US&ceid=US%3Aen
Can Donald Trump sue the BBC for $1bn and which party would win?,https://news.google.com/read/CBMiyAJBVV95cUxPLUZvaVpKWHZ1R0FpZWZ3c0RlREUzU3E3bXl0YkpmN2RRVS1yWEQzYUpfNV9yWXVWYV91ekJRc2N2U0FLY284SHdxOTRvQVFmOElrNm5HdUdHME5CekdidDEtajRiR21DcFJ1UGVPNkVxUzNMRVFjNTVQVVAyS0NVT2FsVDY2aG5ZVzhKUmM3elNlSjl4WTQ3WVVQNkVZaV80OTJXRjRjTWVfX1lqWWlDekF5X21Bd183UXdUVkViQ3U4bUg4dFF3TGFJWElGUDYxMGx1bHQwWUowNUhRbHE1bFVreUVVcmxUZWVWbVFJc3dUUFk0UXNHSDVwbHNFdy1XQ0p2YUxiblloSkZ3dzRSQzNGUlBIdWlNSEhqODRIQUJSR0FObmUzN1o2R0tEeEp2MXlncnIwTXJlaWZQYURZNlZnNE41OERV?hl=en-US&gl=US&ceid=US%3Aen
MiSide housing aid fails Detroit veteran,https://news.google.com/read/CBMimwJBVV95cUxQWGJtc3NLd01ScnFHSE9vdlRCRGc4Rzd5dGxqSjBZVWV1c19TOG50aWZrOS1VaGI2XzRwNVhZSzdzQUJnZ2luTXJRTUFpT1JzaGlQaC1nS0JvMTZjeWlrSHlHRXIzTXlsZ1Ytc0xQMjlMa1ZMNjdkc0NlU21PbGNkM2xteTNrRGpfWkNZaEFScS1TU0ZBX3FKQTRabnEzQzlTWmpoV0VpLUhoall3MVQ2RUlFQ2pDbW1oQkU4NFpoVXZPdW82cjA5ZHAwMlNyT1hkSjJwUzFGTmZQQUNNTDVWRlF2Nl92cERiUEFLclJYM2l4SVBUWUJwd2xMeFpLYUlkS2JCTzZQZFZBQ1Y3VHRnME5vWWdRMDFfM0pv?hl=en-US&gl=US&ceid=US%3Aen
US aircraft carrier moves into Latin America region,https://news.google.com/read/CBMi9gRBVV95cUxPc2dYd1k1QTNPSkR5Vzl4WFFBOEZmcHE5WE4xMnZYWXBNNmRGeGxsQk1FRHI0Wk9qNzM2TUljdkFkYldHMjFCdVRLUlBXTUJsZG85ZUs0c3R6Z2hQNl9uc3JGUGJvUE1HX1VxRjdacXl0VjY5U0JtbHd3V3RYVWYzaTkzMnY4dTl4VWVrZm5fZVZBdjNyWnNPU3F5bi1QQVJFaFdPQVhHdlc0RHBoT2xvRkstazlwc1FpVUZsa0pLUzloOGNsV3FwMmtXT2x1MUJnR1pGUE84cGlJOGVSZ1lXMVd6aHZ1d1hydHBVeWhvVlhNMXFDM2xMQWdpNy1Fcll3S2JpOXVZSGVxa3dIdFRpaEJnVTNWSUIxNHJQNkxyeWZWeTcxNzIwWXR3dW01aFhLS1NrRktiRk16VjZxZkRwMFpOWHB1VW4zd29ULVI5c29maDdRZVpFRlJYc3B2NzNRNExFMEdqVDlveWNuUkRBdThKWnUzZlQxNzh6WXpmNk1pNThVWnlYWGlVRFZWNjRTNEZCd1RfcnlmY09CZjdMYXZtYlNnT3YxSW1LczN0S1h4Sk0xTUtERXl0RnhBWVhSbFJRX2JUT3hIa3c5VFRZUHEwSHJJdHFMOUtZcFVxMHp5X1kwakxxc1dzWVNlM0JJYlVUR21KRHZxRVlaN2ZGTkxDNFpxS0dGUy1PWkRTUGNjWEhiSjh3V2J6QjZoWDdJMGptVnNhR3pwTkgzLW1VeG83NHU2NFlKbDlkSDJ4ajZXNGZfZl9nUktxOUFjOUp0bFJrVDdIdUJTejA5NkdnVFdkQzFOOTFyMmNwZmZxbks3WFU5blE?hl=en-US&gl=US&ceid=US%3Aen
A third of La Salle Co. board responds to email requests,https://news.google.com/read/CBMi2wJBVV95cUxPV08wT0FjMUhTRXBnUkJtbXIxNnptaWF4TDFqM1RZZDdxeDJXMnE2RlJTTGJ6b2RhVXk0U00tMGYyU1hVVnpHUHdWdXNRSllrUkpzdGFyVGFoRDZycEVVdlRlUDRlVmlUTG9XZ0JzZV9zMmoyVkphQXF4aHFEOFRTenhIMWpxa1d3NUNNR2JXUU9DZ0RQT2Jfd2FBMGZFN0t2N0FtaDJ6R0s5NkJXSHZ2d3B1Nk1RUjRhQTlDSTEwTTdqWUtHendIdkozZzJ4OWg3OEtVajVsTUk1T1VZYl9LZlBrNFRuRy1KaUdrdFp6ZVkzbWhQWFNXN1RkVlNfSDNoRS1CaXk0ZDVfdHFYb1RlNWtIb0FhcG9vbkxpaVBGVWcxZjhfYnNlS3g1VmVBTTZTSktrMmZaYTE1VVU4UVQ4MmxpZFNKeVM3ZDZrTmdDcnA1T2phVVkxS29saw?hl=en-US&gl=US&ceid=US%3Aen
"Princeton girls take aim on regional title, repeating as Three Rivers East champs",https://news.google.com/read/CBMizgVBVV95cUxNVUM2RFFxTFRadVFNNFJrY0trWnpWLUtIQ3lhUTZkcjhlb0NubjBBN1VvSGdNeThNLXZHRzRsLW5HekUzOTZxYU1SSWplb0tfcHFxc0syeTYxbC0yVm5ZdFU2eXlNT2dETmFQa1hma1FJUGRKeUZZOVNtS0lET3lTLXVSVUZRRnZpSE1Mc2w1MEhYUktkR19mVV9Qa1BUZjZxOEJnMkhhVGI3QUdxSFZsOE1jWnhoWGRkVFJhQlpUdER0YXRzVzJxd2FRYTJXTnFKV3hrdEdzM0RadWFEWlkzdmZBckhCbExJRlF4LXU4T3F2TC1NRFpnQXo5VVo4NklEWmtYbEtZc1k2T2FKdXdwaFp4QVNMaGkwMDE2TXJKVnRqbGNfczNsZVo5WGhfbVloeFhmWVVhNXd3OUNRQ3NxQlVYejlJZDRmS3NFSzZ4MjVHbkZOc3Q4M2RZd0ZIVTVsa1VpenBfX1NxbHBTVXczNExrT3V3UHJnREVCbDRoYUF4ZmlRQjZhOFJZLXdBTlVSWGtRWGkwcFc4LXVoMHAzenhLby1RYXhaeDRtdDRIMXZFbDEyRzB2aUQ4d2FwclQ5T1JiaGttcjIwVUVEQUxKZVFGNEJobE5VXzR4VTFQOWQweEs0OHAzUDhWMnJLdmNlWmw2U3Y5czRSU21oTVlDTjJMbm5SeW16M28xOEZoYS1uUVpzQ3k2VnhWV0YyWXNzWlV3TFhERll1VDlSSEZncTJjZ3VhRlJUNDNwbnc3MW0yUkdHVnpDZnFTOVlTdFRvTG9QLXYxeU9IZVg5SENwcXNyRDNaX2dHUG83MG5VVjNaeWt3OEE5SGxvY00taU1fXzk0OVBxV1VfLVZvdHdoVjI3UDZQYXJXdlpremsyd2phOGtBQzFsM244c1dGdVR4NWlHNEhMVFhKMEg2dUdJcm1NM2ZSMTdOU2pPMElB?hl=en-US&gl=US&ceid=US%3Aen
Georgians to Get SNAP Payments Today; Supreme Court Justice Ketanji Brown Jackson Gives Trump Deadline,https://news.google.com/read/CBMixgJBVV95cUxOUFM1TTJndm56Qkt6enlSeWN0YWxuOFdIbEsyblRZR3VfbGYxNERHdzVJVmZFN1c2Mm92VzNKTnY2dmp0TWZFU2JrZzFIREdzR1VDZHk4enZiTXkzZ2d1V2FVYWJIRWZHVmtCcnM4bDZVbTFQRXMwMXd1a0hxekZOVklwWmNuMXhUU3Zqdm8tY0ZEOGhzS0pweEJEbEgzRW41SERWX0drMlBKVDFTMVVkQzczcnZNZjg5bDRFTWdkSHhUNEhYc1pYam5fUmpIbFM1elRvVjNNS0pBa3VmZzFmTnl3aC1GeWxoYjU0a3BOaEZaSXdzcl81MzMwSlZBR3pwT0RMN3FmYUtzZEZhWXl4T3NhOVhRY0Y4NEptMlFnSnEwNWN3Z3hBNnF1NEpqR3YxZWVSc21xaDZ1Z2hfRHFZUzlUdTh4Zw?hl=en-US&gl=US&ceid=US%3Aen
US Supreme Court to hear fight over mail-in ballots,https://news.google.com/read/CBMiywJBVV95cUxQcDMta1pJR2pINkFLbF9BdWJ3RWlJN3VPU0VVZlNYVndYbEJzTGRXRXhsLVZIRXlxSkU4cHhtSVBmdjVKNWhpV09EZVBzVEU4QjdTbzJQemZmU3F5c2szNWpURlllYUJ5ZTI5SGZ4cFZLTGRWVDlCNFI3VmtITkJVb1JXd0tuRzc5RjY5aG9mRW9jTFkwNWM3b0RsS3RsZ2tGZC14WUIzS3Y0ck9MVWd5LWMxSzluR0hsQVY5cThDTG94NmNsUUNncWFfNWZuSlRGS3FkR2hUUk96NGFtOUNKaGdfX2hYNGROdmcwNDc2a0x5SEF3VGllMGlUNEhwYVB0azR6bzJ3ZG5OVmoybUNhZXpSb2UxTUtsVGZSdlNKNFdGTkhfQlZVZTRkRFlTX2xjZXVWdXpSczFJU0pCbF9odkhsWk01LV9rZ2dj?hl=en-US&gl=US&ceid=US%3Aen
Fox News host Laura Ingraham turns on Donald Trump,https://news.google.com/read/CBMioAJBVV95cUxQa0d1V3Z0V1dKcVloLWNCTWlFeUZjdjAyZVZTNjFMSnlUUFhDV0ZlaVpFUFIxODNvTjM2c2dCNmpRWjdCa2czWjhQdWRtV20tckpGNEVLZkkwbkJhTTZVdjBETmljWWtKeGd3S1U4aUZkdUQteDdySDNaenZHWlZqdk9LUGFoVnhCdXlxNHhjZHI2OVZwNGs1ZldTaTNhd2lsd1EtUGFTVVZPTk5RS0M5bjB3SGRka0JIYXc0eWJfTHhpdkhNQ1pIS203TXhJam9EcTRuSk9nWjFOVVVWX2VaQ0hfZ1dqdFBkeDFQTm1ESENydzRVcWdPR1gtcUMxTWJNbXBkY1ZJb0laQWZtbWxzSE5VQmVqX3RSdWZWbGJsYXQ?hl=en-US&gl=US&ceid=US%3Aen
Melania Trump's feelings about East Wing demolition exposed,https://news.google.com/read/CBMipwJBVV95cUxPZWxsV3RpS015UmYxTDFvejR3dUsxMzRtTjk2SVJiajMwYW5UbXlZVE1GU2U1N1R1Uk5QY09oTmJ2SDFpX0pvbV9GOF9QckZUMEc5UXlIV1gweGF4ME1oc3FrY2NSTnkyd1FYX3NPbURjc0M3elRhaG9sSmNsQ3VMWW0ydTlXSC1pc245ZlNOQkxaNFNTUUJRSk9RUmx1TDUtQnRJdDlhbnpheGtjVUVxMWtqVEFQYmdaOEVNY0dXR0JiMG0zNEU4aDBnOGlsa1NJRmtmLTJjMjFBT1hfeVpCak5ta2xUdlNtVFg5VmpueWlGaGQ5ZlFsdldrUUN5NkthN2tZTVd0bE5iSURaX3Q0MXVmTFo3VlJidWpTSDQxdzNXbVZsWk5Z?hl=en-US&gl=US&ceid=US%3Aen
Makana Eyre: Can You Still Be 'Local' Once You've Left Hawaiʻi? - Honolulu Civil Beat,https://news.google.com/read/CBMi3gJBVV95cUxPS2NzQlZJQWlqWUJ0MHNaM2pSMHo0NVFrZHRtQjVUaVdkMHNaNzU1b2tsalFYRHRiTldsTno2VDJxcUNYblB5Q3lKUlJwVjIxdkt3RW0yOXhJa1Z1WW1falNyMkhrVU5EYzRLeDdoSFoxN0UtNGhTQ2FleklEM0FsQzFqcHR0ckt6UFBLU25NbjBMYldnMkhQX3ZXQVNsY1JhTmlzTGJQYklLNGNzSDNZdmNaX1FHdVhkTlVvZzlNa180Q1VuNzNtc0gtTmZ2TTJwVVpmbU0xbzhBRnIzTDZPTlk0LWJ6MTNDTzFzZnpZdXg5LVdlenMwUkU3eGNjbHhkcVNQaDFpWnhuMko3aEplR1IyMGdyUjZwY0pMRWp5aEFrRkpQRmlqWWNYYlc4LXNPZm9JY2lnTUZTLTFLcGVlcmJvSjMzN281WjBNSmM5RkJrdEFqd3RrU1VRWHQzdw?hl=en-US&gl=US&ceid=US%3Aen
Tenants Of 'Hell-Hole' Honolulu Building Gain Traction In Court,https://news.google.com/read/CBMizAJBVV95cUxOMUdiUTFVcGZFZ3VGVUJEaFVHTUp4ZXYyV2lWR0syQ09MaVQzd1Azb01YTnhNQ21wTUtZaE5HNnJoRFVZSWxTZjlfYUx1SkpJalVEM3ZGVy1iZ2FjWDF3cGJZeGw0LUxpdnFmdlJEZ2E4RkJ3YUNIQ2ZtY2Y5TzJEeDNFY3BFZFIxazFkU05pcXM3UkJaODlyR2VBbUdLSEpBN3o3Q2ctdTlvd0JMQWRJSUh6cDV4WWdsalA3bzd2UjNyU3dMcFRLcEZaRVMwUUlubklSRjl2Tnpfb3R0dmY2MGZJZTRaeWRkYVZMZzBnSWxfUHpnbjlWRUdLWGYxY1VQbmhkSEhkVktvR3E5NTZlVmJUcHBValRNbmpxZFZ0a3RjSmpwZ0JfeG5GVnlFbFNVRTF4N2FJWVRPMnhxZ016Y041WEVmTDd4QXoxRA?hl=en-US&gl=US&ceid=US%3Aen
Fairfax residents rally to keep pets fed during federal...,https://news.google.com/read/CBMizwJBVV95cUxPR1pXcmhsZ2ZrLU5mQnNkRGFCd0l6bTVjR29EVmpLS2FiXzNsR2FidzR2TkplZWxPNzlEQkkteXl5ak1ld0tQUVhUcm8yQURYelFybnA3YUZTTnpLVDBTYzdZd2Exc3gwbDkxdEhFOThwWmJHTFd5OEh3N0plWXJsamRneW52NUV2eHVsTmNzQmtmOVBrMnNlQW51UW1MX09uUzFZcjFBRklQVDg4czlSWXlRTEhUUVBhRHZ2dGh1eVJ6MDN3SEVoY0RJMVJxdXlHeFlQZklwcVRHY3hyeGlwVzZ2ZC13eW5uaWZlamkzZTRGUU5Kby1scUt3TmRET3IzX1FIWUM0YXNwdUVBMkZxa21EMV9ad0puaml0RkMzMnFLOU1RaW9uM0d5eXlSVmFWdEs1cnM4Q0FhSU5ZUEtVTTBMcWZsNkVSUDFaWVlQMA?hl=en-US&gl=US&ceid=US%3Aen
GW Parkway lanes closed temporarily for tree maintenance,https://news.google.com/read/CBMixAJBVV95cUxNck1BaDZ3MHJwN0luVUIyLXo0UmN5YnpYYWNSRHo4bm9RV0dPejJmdXBvSnhsUkYwRDJKajdxTFRjUTU2cXpXb1g0V0FyTXFjVk9ZdHlPN18xU1VickdTSC1hMHZIbzJfVXJMeUUtdGZZcDhHSGl6MEN0b1N1XzRMT3ktOWgwWl9FYTl6b2oyMENzSFkxUURhS0dka0VBbm1XMW1PSzJ1MFZ5amJGaDlNUzBSTEpnMnVCb000NDFxSzBIc2xLR1VncEZzUnVsWmg5bkFXRUdlX2NtQWlqR0ZIWGstRzk3VUhCYnpRN1ZNV3FUbi16UXBuNm9PTHo1S2t5VUcxT3d3OUJsSkM2MEJGNzdCS1FwNkgtUkQ0b3BRUWJLa2MzZlN1alFya1dIbE0tT2xWQUlDaUFBcDMwa1VlLS1aNkc?hl=en-US&gl=US&ceid=US%3Aen
Dispute at second-highest NC court highlights AI’s ...,https://news.google.com/read/CBMigwVBVV95cUxQOU9RLXR4bERVaFBVa1F0N0p0eHQyVktNcDhQa2U1cktXb1E0c1JNUVFRQmdjZHIwNkxQU3l0el9XSXBXU2I5SUJDWERvZUFWQlFwZm93ZDhlSm9MX1RCU3pQckh0NW1xdTlrZG4ybUNBcFE0dG9TMmo3SUZ2bTFOSndmZXdHY0NxZ2pUR2pSNTlHTi16WktpRzA2elhBZk1BWnhqWjJjcmwwUV9Rb2pwemFkendXSzBuQ3pUSWJNNzZXM0VxdE1LNkk4U2UtUE9TWkt2THNaTXRuWE9IMVVFUldkbHVLTU9kRGJzVDJaT0Iwam95cmxuZWQ1QlptTGVnaDZLbGR4Q09xZ09JRm1FYkFjclpDMmEzb1VybXR0d3E4OVZYcDZac0U5S1BwN1p4TW8tZHluYjE0SE9yM0s5LVRONWJYTmducVlZV0FIWGVxeDhRVUdQLUZ3eXVxWEVpU0tGYTFlTXJ4bk1XNkZoU2RLdlVlb2NUMEhaZzRBNmF2YWl2ODhPYVF2Y2VUZjRVZTNwd1ZWNlE5YjU2cktNNVJPdExRdFVzRE14RTJWWGhuNG1QXzlsQnV4eDBUS1Y5bkRST1lEeDRqZkFYcWVBR3pKMHZERE5xcE5DMTNyU3VhQjJxcldmVlB6Y1M2MmJFMGFDZVFUeXhXSjltN3RoYTNLckdLMHNNV2lDQ1VZQjlZTXByYUtnN0FNdHlXVXhGT0w5dTFFRGtDRXpfLU9SdkF0UklWMk16SFh0clNMVGJoVU5YYl8xUHJqbzNSQXc3MlpDenRGZ3J2cW1qZ1hXYzZrZk9KTGpSc19vb3UzMWpjOTJKb1FSMlQ2dVVUZl9nVkow?hl=en-US&gl=US&ceid=US%3Aen
Retired Gear Donation Aids Pinoy Responders,https://news.google.com/read/CBMi1wJBVV95cUxOUU8ta1lBdWJLaXRHaUE1aVBwZDM0bnRKTFloNFNvZ0ZYLUlyaDE2M1A1NldwdmZiQ2lRZE5hX0JJekZxYTlrbC1yb1JQVTh5Rm41RW5IXzVUMVpMT2JJam5NY3RYamFnRGNOTGJNa0dnSmJEZXVIbUhRYndkNHdVeVkyTDl2eHZoejlGclRvMWRCTjBUd1htWUpXMmIzSHFta1RuWkU4em9PUGlZZmlQcUZhYWpQamNOdkJlaEVnT0tMcnlEVnN1VmU0UXowWm52VnRLcmxJVGIxLVkzd2VaUjhZVTNqeDZleGx4UVVHaWpHVzR6S2xJNXRsbXdFODRlVG9BVUc3NUZfVGNNUDQ0SFYwYXlCNWlySHFTVDQycVJhUWg4UVRyOVZ6R25PSnpfQUxJdE53MHBYMU1xU0djdjRiazFBV1o2M3p4Wld2a2hxQ012Tklj?hl=en-US&gl=US&ceid=US%3Aen
Trump downplays concerns over proposed 50-year mortgages: ‘It’s not even a big deal’,https://news.google.com/read/CBMimwVBVV95cUxPMmRMZGpZZ29MWFVRUU1jMXIxcTlHVzhOVlBHMk9yaHkwVWZ1ZVRTR2tLVEpsbXljSlVsRE5NSVhJTWl1S0VOaVVTdG5mYzBkMElJclc4elQ0OEdNZ0RvWUVwaUdvZUszZ0M3RXdraElUZ19wZXFqM09ScTNXRzBhY3V2UGJkT3VZeUpheWM2UUNQMkNRcFVsY0FON1JwWE5tRF9qNDZVdUxodE1sYkRPQVZyMXVsZi1wSWhrX3M3NGdEUUxYZmVvUXI0RVFXTGdvVzdrWl9NSmdRazRfX2RHNFRESlJFczFWb3Ryd1lPdjhwRG0yRldJYjNwOEx2V05yU3E4U1VVS3ZhdG9hNV9nWFJzUUYtRHJzR1g3VW5Ob0M1a2Q5TnNaMDBqMWctRVJOTG5wTk5sbGhoa3l1YnRyblRiOFlLOUtSNjYzbzMza3UweFpUR19RZkNZOWFIb0FDdS10R2E5aDdoNzRkdHpSajhMY1hINDI1c21rYmtpV0hxNzVKU1luUkVxc0RDdG82WEdUdUMwSWFTSzdwLUxzd19TYUpaRVNITmpManZjQ1FCS00yN2cweFBWU3VZOVF6Um13VExmbWtYWW5qQXNIZTgtU0VqN3BBazJ2Qy11eVhQSEc2ZlFUWjVPcnkxSDl6SlVUQUl0UGxpc0ZtTWgwUnNocDZySjgwWWhaLXp6eFRpb3dfa1V5RE1zbzFySHhCeXk5WjNxeFNJSUxqM3BjSWNzbEttWFNxVWJTekh3LVo1Y0pNRFc0by1EdTdyVWlpTU94T2s2UUN5SWlpb3pDYjhleGt5Q0kycF9Id0FUVEhnNEV0Y3pZLWpzQ1ZUa2Q0bmFuVThDT0ctWGt3cTBtLXNiVklNUUZiOXNN?hl=en-US&gl=US&ceid=US%3Aen
"Duffy vows penalties for air traffic controllers missing work, worries about their ‘patriotism’",https://news.google.com/read/CBMigwVBVV95cUxPQzYzcFE2WTFqczJxYlRKb25yVmwzZ1BOeTRxeVpWYkV6Mm13ZkZGNzhmWVlLLTdfS0RVUnJCUzN2cGFGRlBqWU1obkJQWHpxUjVzSnJWXzdnaGNVY1FUVWIzM0liMm1Bdk9namFVczQ1VmJja1R3Q3J6eFVoSE9vYVJQaTlEYVo3NV8talRNUThjMV9Ub1VQeDZIdlN4TXVHanN3OXQ5dkNKQk51ZGh3MWc1cmRMSHptSkk5Vl9HM1MtaDh4VmRyajVwNjlwckxDT2RXbVJVckRDZExfSmlaek5zblFTMFNDUTF5bDlrQUtHLWFsS1VLeXhRbXZqcmxVZzRZR0EtVFVzVl9MOFBpUk43S19hWXFERXFLZFdESldhNlNsc1dFM3VDeVVhOUhlN2dlWlUwU0lLaDNnZW9OQXY3aWM2QXFUZHdic3dKOTdOLUFNblNPWkozd3ZLbUM3NGFaS3E2NFg3a1V1di1YM3RyTHRJNjZJVXJEUURQVjRQU0dzbjZEa2tlcGl2djBPa1poTkFSanVSVEVvR1BTZnhNczRyWmh4TXBrN0Fmc3hMMVRsdDRZekZxRjZIT0RlZzN4Yzk2V25FM1htTEVjNU5kOUpEc0k2ZExzTDRRZTNHQThzVHNPNUZHejNpd01KTGNoWnpiNHFxZF9UdGluaE1YcGdyX2hsWnM5XzUtSVNmR1Bhd2pLY2hXWUVHTDM1RTR4U00yaXRFUVJYUUtWU3BUMFFRTHFXQVJ2cmhjUlJ6REdxbkhYUFRZTlljdlFJQWFFMEhGMWsyNUc2SHNFRUJDSV9pOGNTSDY1Rm9FeGdDclZXclJsN0plX19RLU45WmhZ?hl=en-US&gl=US&ceid=US%3Aen
"Gold Prices Are Rising Again. Why $5,000 Could Be the Next Stop.",https://news.google.com/read/CBMirwRBVV95cUxNNzZlWDVCSEtiSDl3Tzd4SEtodFZvQ0dLTl9PZkVSTWtZbjZUUlo3SjhQOFZfX2E2S2JvanF4RE9tRDA5djNSNVJkMWtvbEpWOEpmQy1sQWt0TnVabVFGbVhnYjMycGdKS2dwTDF3UENjcnhwak1DSjdVajFkM3pxeEJGWG1EeWZmLWRCanZPWVpzSEpuRHdEZ1RUa2VvV3J3OWZuUnpubkNPamV1WUR3cVNMZFlFVE9sc1ZHU0pyb2xrYS16VkthbTBVV29pcnhxUlJYSWtGQUJGTFRkRklxaENYa3VDWHRRb0tIWVV3ZEc3VTJGc29OemoxZlQ2Sk81TW1aNmp3Vlo3VUlSZFF1SUhVWDloY0FxNVprdkNXSUk2ZER0cG5WYUpaXy14YUFIMFFrbm5ORUNiZVk1Qmwwak91aXA1bVdLQWxlbGtuZWpEbUh3SklaVjJxaEZWRTFQVnJXTU5OUXRYUWtaR3g2eTZCYVd3Tlc1U2VPQzJ0VzFzOGF0QmZuSXZFYjlVYUp5a0JvOG9tV1I1T2ZFdXp2dkdtQzhnRlBrZTJISFUyUmhzblFiVlVpT3BkVHNwc3ljU1hGUUwwYWJ1aHY2SXlzVlBYNmxIV3Joa1ZTc3BLckJWanBLWmtRYzRJNzVCYklXTVg3V0pZTTNvX0lVbmd4SzZTME5ueHRYV2NlYTcxSmpncmx1ekxEc0h3Qlpxd1pxMW8xUUxRRnBoSmVZQTRr?hl=en-US&gl=US&ceid=US%3Aen
UMaine veteran center aids record number of students,https://news.google.com/read/CBMiwwJBVV95cUxOUU1KYXJkVDdPQldscTNkOS1VRVBEREdFZzhYT3JOWS1URVNnUi1LNTlqN0lsTTIzNnpfZFA3bWFYWXRxQ0ZPRUpMcnliTVctZmgtdEhqWHVwbG9kWlg3N0pZQVhlRC1IOTlsZTVuV0o3czZraGxRM2ZaZzNtckhwWTRQS20wUzJvMVpocHNudEhvemluczZEaW12OURZWU5FTUVuNHQzTEJGVkNIZmlVREVNdjRjN0RiYWdPS1lCVTlBQmpSTFVNem1uVWM2VWtfcXI0dnk2Z3R5VEVyMUM5NG94cFd4cHVXOHdpNG1SejlMWXRkNkxVWnRrV0ZGc21EYXAwUXV6dVctWjBRdEVUb3NFWkZ2MTYwOGYtaEJUcC1QLU9XOFptZEw5ZmdTTzBLMFByRWFjQ09SbjBHdW1uN0I4QQ?hl=en-US&gl=US&ceid=US%3Aen
UMaine women’s soccer beats odds to get back in NCAA tournament,https://news.google.com/read/CBMivAJBVV95cUxOTmRVS0NudVVwV2tMeFI5ZnhRMDdlb19MZkRDYmZpdEVUQ0Z6a29qaWNPclUyT0lqZjVFdGFoOXR0X0o3bkNWZ0tNdm5ldmZvMzFnRGZFYlFuTGdpQmRhRUtkN01MLXI5X2xITk03MkxkOFB3ekVhNFBabkNnckxTWlB4NTBSRWZEMDFHRUQwUnBBeDdacklWT0RLV2JXR1hzeWx4ei1oc2hqLUJ3TFF2dUFuYzN3TXpxdHEtRFBaV21oWm9HNlRNd2MtcndVZkk1ejByZ0tVWHFKMm1hdlh4TEpKOWZrLS1sMDdWOWhDSk5EanFSMmIwZ3kyV3JBM1B1VDUtVGpQY0JwSUhjOFN1UWJxSTNrZXlmWnRpOVpzQzFwVEZvbDEzMnhnaFBWWV9YRFR2OTNOOUpnU0VE?hl=en-US&gl=US&ceid=US%3Aen
Lee Enterprises looks to raise capital for its ...,https://news.google.com/read/CBMi8gRBVV95cUxOVDR5Qmp6NE9uMnV0Y2t1bVJULWNOdE1VOHJEZ3JielhRVFpJaGhiN1NreDRDaXA3Rk9mSXZmWWsxWEJuSmRabTlXWHF3bG9GazV0TUR2RjYwQ0l2NjB4YVRqVUpOVXNDMHVWRWo2b2tSQURvUVlILW94UVhtcWFXNkhwaGlWUURCSFVIcVVlQUo4bUdBVWFxRDN2RW1Kd25ZLUs4aUhzZi0ydjVtMFpxUVQtYzZ0OUNPeEJOLTEzYi1ITTVncE1IOGFQcEVUaW5qenFWd215dERhampWRGljVVdkem53RDY1dVk2UmFHRTdqak5TYW5waGtQbTh3UHp6RkhzR3Z1Ykh0QUZMQ1hjMG1ob3p4cENJRFhVT0tqSkhWRE9tc0F4eHFlSG9EQUR4WlVyWW10aktTV1JhNm1pOTR3Zi0zQmI2aFlnam5NcHByWWxmdVFXM2ZBSll1U05UMDEzTEtNcE4wajJJVF9qOHdiTEpDYTEzT1dDZVU2a0pQR1EzNEVvTVBGWGtIQ1FqYW5mZTdZSFhBNFQ1cE5DTzJ0cGVkUjUwTTVPcHlfdVJ4UzBmcm55aFJEa0FVbThCU3c4Q1JaOVZlTVJoaWZDMDZ2R2VGcGhDREV4Q0V4Q00tYzVFZzl0Yk55emI2SG01QWh3QmVEWlFEUl9oRjdVTEhLUVJ6VnNwbGQ2SElLSUtIcmEtZm9CYzZQYW0wQUFtMHBWOXZ0eGZfektjak03OXBTdWliWVh6blQ1WUtxYkphU0tid0FmaFpBdUJETlY2VWFzNkhtVWkzblVzOXlFdGxsOHJlMXN1QkQydXhGWUtBdw?hl=en-US&gl=US&ceid=US%3Aen
Will Retailers Really Deny Premium Credit Cards?,https://news.google.com/read/CBMi6ARBVV95cUxNdnpkaTYydjZvRmVVNGhLSmZGMERpNncxc01fRHFuT2piQkpuZlBNYVNZV2wwZ2tCbVZBd09HbloyVGxhZ3FHTTFzSGk4TjVoMmxZQ2VLMHRwVUdXS05NRE43Y3JpN0NnMTMwVWlPb0pQUDEtVlktOXNUUEtlVFpVa0JyMkdpUlZ6ZmlZRXVtMWZHSWhVNVRIQWdxclZhbjc0WUZvaV9PLXh6a0FxM1JfNTRMRkRENm1IX1JyOEU5R2pOQnd3MDJlN19WSFFUMWRodDFweER2Z1NWNHFNZ25hRUJDWVZ1SG44d0R3SHdEZVRDTnEwTU9QM0hFdGNJWlFXYzFfamdJZEFDdnExWXJ1dGxreHFldGtzczJGVTNaVk5sN3hsM09iZ1pUd3lJdWE2NU5FRjZVT25uSDFvNTdsX1cxLTN5c00xUkJFSXJJTG9LaUpNdi1qeE5TeWZJQzVZLV8tX2I4dUVWT3VzT3ZTTzZ3M2FfM05JUEd6TEtSQjg4d0xTeXZwVWx6dnE0WlpmYjRPM3p0QUs1aVVuaUJtTmY1bzF2bkRvTnJGTTAwS1NUQzZuMzJKSEZBOXlkODMxc3ZwbHQ2Yk00b2szTnIyTjlTNzNBN1hFY3JEVERPYi1oWlNVUEdhcjkxRVVlY0lDOWxkc0dsQnZFbXpBRm5lZFVMUkRHVkNtam5WMzJ1ajFBLTktLTBEX1U3X21uY2dKemV2NHE5UUxXNlQ5alFObGVWMEFCT0JremJYVnc2YU15Q2tRZG85M3E1SXBOdUVWcWtNWG85a3hKWDdXYmFKeFR1dzdzZV8w?hl=en-US&gl=US&ceid=US%3Aen
"Chicago, New York Airports Hit Hard by Shutdown Flight Curbs",https://news.google.com/read/CBMi5ARBVV95cUxNUmwxY2pGcVM3VDdjdWNyTDVkS3ZENFY1WTF1NW5ENlNVaDFOdGIzODB1SW1WT2ZCd1pIX3NmZVFKaEdwTi1GdUM0aUcxelEzZWFSUUppUXA4QVduVUdyR1lRS1FoLUgzOE5DTEgtZElZRktqY2Z6allpREpaaXh1em1HR3YxNkNPNXdDQzZzdUFRSUFBWHE1ZWNDVkUtYnlFU3lwTDh6MTlySEtPU0ZnZmE5dTRnM2RlYUVHVlFERHJ5RS1KRHpMbHBsV3RVWG9uQ2RvYldKRDV2OFZiUGR0UXpxc2h1NUM4ZUdmYW1zWjRDTnJSNWxRN25VTVJuY2F4RnBlZ3pqWTRPYjRjcmhXR1lEaUlsQzh6RDg1XzFpSlVhcVpPNWprV3hhYTJRWS13bEY0RFBtUW9vZ25UTll6VG9UTVVUdFF0OFhaRFd1N0JGZWQyV25iSWhTYkNDRkNMNmlZV2Z2MWtlRGVmWGZuUkhGVlBZaHRzTGh6LW03MmdWZGZydHVyZV9wbG0xZ0VaY1hCQ2cwMzZUTUY2bXVXaElCOVZUbl83WjRSODNsbEoxNGxKeGtvZlBmb2E3WEdFdkZhQnF6TEtsT043Umwzbjc2Zy05eVF4anRCb3YtUXpXZDUwaFlmZzNRWTRoMTBsbU1nMkdHNFl3VWdHOG1lU3NEa3pLY2VoeGhuSTNYNVRvZEtjakF0ekhVaG82Wkt2alV5SGJ6c1c5YTZOVjVlTEpkeUZ3QXotLTB1OE43RklQVjNXYXYzdmw1UUgtVU55cGhjN3JsekNJcno3cFhqUU1Mekw?hl=en-US&gl=US&ceid=US%3Aen
Trump's pardon won't affect Georgia election case,https://news.google.com/read/CBMiigJBVV95cUxPdkFicnhoc2pacU1wc3kxNUtKeUdtV284ME1vQmZpQmVhajVMelhsMjBJaGtqaVhMNjhVdGc2QlE5NklWQ0pzOVNNczdhWXZpMWM3bE9OZnI0a0wxbUZWQWFzTWdiNWl1ZDRVMjV2NktqWVV0YWlwYmtmT2l2Vzh1QTg2TXRDQ1RiRzE2ZnV3a3VXQVI1TGdqQTJ5RzkyMWljZUJ0dl9rNWdRRG9wWkpkRnNKMjhiUFFSRkIzMjAyYmpxblk4VmxjOVk5cktBR0pBMVhheVRfVmtZWHZqNjRPemxENnZpU3NIUmV3X3RiYU1WWFVqNWE5dGFXSkRnUVg1QWp6bjhaVEkwQQ?hl=en-US&gl=US&ceid=US%3Aen
LISTEN: Brainerd Council returns grant for 210 pedestrian bridge,https://news.google.com/read/CBMivAJBVV95cUxQR2tMeU5lNWxidzk3c2RzLTU4OWJCNkhUVHg3QUR5UVhFY2Rjb21CbUtHck1UTnZRRVdNM1lidWwwRUxENFZQY1Zna3VjR3NRY00xaE9lTm92ZkFkWTdHYVZrdjBOaEE4OGVYajZKNkJoOTlkbFcyX0tDRWFYUHVsc0J3Z0R4eHZWYk5nVGxLZE1fVzlrMnVGRDMzNVdPanN0T19MRkpManAxbk5fY3Ita0tuVFU4emluVEdrUFRQSXBkdUJyS3FzWlpLdFdydGxtN3VNVzFrQTh0cHZDb3VkYU50LU1NN0ZGN2lFVUJHdnRHdHBYSmp2ckxjVEh6aGszWEhQR3hMSGpyR09NcTAwdVNwbjVnTVNvS0NHWnJSLVVWdTVnQ3d5eEs2cFVQVU9Jby15WkNwck9KMWts?hl=en-US&gl=US&ceid=US%3Aen
Cortez gives his view on the impact ICE raids are having on school attendance,https://news.google.com/read/CBMi_wFBVV95cUxNUTZqR2JRUV84YllscUZ2ck1sN2Nzdk1RRnpMTGtsWm8xM3NxQ1hLZWVleG04MlU5N3lSdjRodXdfWEFMVWZwR2dzNWh1eEp3WmNIbklHcVpuLU9XTFdNdWg4ajEzcmZrSmJZRWY0XzlwcEhQZnJhcm9EWXZTemhJRThZRThYc1JTWkVtQmlDVW1WcDQtZ2hOWGVTbVF1WEVPajdNU0hVV1BHd1BoMGF2cC0zWVlmeWdWY2gwcHRHRkVDNUVZQ0MyRlZkSzk1cjBkNjdtTWNJTkJhQU1ncjVkYS1TNzNkSTIyVmoxMTBDa0lLX2VMUUJMT1NTWTJOdkk?hl=en-US&gl=US&ceid=US%3Aen
Legislature passes $162.5M stopgap measure for food aid,https://news.google.com/read/CBMitwNBVV95cUxOVVNDa0VBMmxSaWZGckxWM0dsUVl1Q1FFXzF4bHBaRUhLN0RqV1VJdkZfVW1vbzVVYVA3RVJJZF9CLUpNSnJjYjVmMk9WUmpTT21WZzF0a0libk5tcElFeDNIVmd0SDY4T0FWcGxFOGNYMnFWUWlmV005b2Q4QnZtUGk3OWk0d3NUeTJHeC1lcFduSDFSOWNsaGJjREpNdVlHbk9kS3c5TWVBcGE2dFVMNlA5cUg1aTFFWWRGRWlud3hiQy1XbnI4b3dPalhnblpCVjhYWnhnOGtkU2tQNmVzTmtRM2Vmc0FVbmNHWUFYUW9jRHprcC1NZ2w5cG5IMjVuOEtnUXBrZUtXS0J2WDU4SjhYMkdIclI2TDNvN3BKcUktaXNmQ0VaRVM3VlliSkpxMzhwX2pWTUYyVXNIcGhJSjl0bGdHUElSelZJbDI2VG1wNmZzeWlTNmV5TXV2YXpUdy1wM3hKYlN4enFUbnlTWlRKZGk0ejFKN0M2N3BYTUVJZk8tc0Q1YnJnVG5RanA5RWtTeXJoWDEySzdHWVlWX2tXM1NYWmFabi1Kd1BiTTBnWlI2Ylkw?hl=en-US&gl=US&ceid=US%3Aen
Three AI Megadeals Are Breaking New Ground on Wall Street,https://news.google.com/read/CBMiywRBVV95cUxQZlR4NlNYMDdEQUUyUzJHekVvRmNvZFFQbGRGM3d4TlYzZWlBTmJzRndPQkhVX0cwTlYwZHhiTVdBQy1TcXU4VEJ0WW9CbWhoR0hZeVg3UEJNZ1dlbjBEOVAtYkRRMmhTZTBoeVJWODNPODh6R25hQlVlVHhFZUJwNm5HenhzaEJiWHo1d1VsZmVJZEJKQjdudWstbzRQWlBkaUJNWHcydnZWaFJsOHI4b2MwOXE2R3Z5ejVyLUoyZmVOY1lPa004TmpsNWRndUFPZkpBdXBENDh2U3RjVkJ2T3VwaS1uQThFVWhwV0lvZUZiOVRVQkZGajBqanpjNVhocVJOYnVtVlZxZlZjbEFVS3N3YXhTblpRc3JsOWRud3VuR3FGR1oxZjZMUV9aWFUxVlRTazBPdk96RHpjUXlCVENKYThlNS1WRS1FNUgxZ2FnRXBkZlYtVjJjZzRJZTVKNDVZaWFrTGpDeUV0ejM5ZkRZTFE0RnNiaVBITEFia2l6dndwQi1pWFpqU1lKMVJmT2tDRUJfTzYyaW40N0R1ZTR0NXhUMWdCOUlXazNSN2ZxRlIxSm82cHhjOHhUdm40RVBoUlJDRXM0a0pOLWZGZUdZZVZhOGlONFUxNWxnTFlQY0JSRzMyb1BoeFFGN3F2NHZSZU8xcTRoZHFJSm9aY3poenRzU0gweW11aTUyTnY5cjBOWWNxV3g4OWpwT2JEMi1aeTFUNmFHVGNGLU1kTEVTR2FlMnRjb21xSjVPLVZ3Q1NQTmdBemVnQQ?hl=en-US&gl=US&ceid=US%3Aen
School board president gives Mountain View students hands-on chemistry lessons,https://news.google.com/read/CBMiggNBVV95cUxPaFlWcFd5c0Vaay1rODgxVTN0YXZfd293X1haajJQTW1ZV3NVM2t4dkdKZFZBc1lpenF3TTRNZGhyWWlCWlF3WmxSSGNTbV9xT0JSU0psR09BeXd2aGE4ZUFtYUI4YVJYTFpwaUQxWGstaWR0R05rT3Z4SzN4enFHbURmaXM1bGl3c3JZelRDdnVmaVYwRnJfVm1qdXRFdVhJZFd0T0J5ZzVmSGc4bWd3V09SRU5yUnhGVG9wVjZCU2JFX05wd2YwWVdjWHFRYTMybEZ6QUNPcjJOSDBfenhrTlNGTUt2clRIRE96RFFQNldoTWJtSFU5VjlvOTA2Tng0VUxxTWYwZEF0UDBiZlhKd2dEREVVcGxVcWU5bGwxY0cxcDZtUWhhbUg5cjBiWENfZGRIak5EVThScXp1aS00SkZGRl9GZG04Q2I3TGJZeC1YRHJBaXRGU1NIV054bkN5elJncjczcDgyb3VCSXgzSEU0eFRJZUxMVXVCQUVHeHdiZw?hl=en-US&gl=US&ceid=US%3Aen
Former Air Force chief scientist takes helm of $2B Berkeley Space Center at Moffett Field,https://news.google.com/read/CBMijgNBVV95cUxNa1lOV3F1VVdzcXFrTE8xckZFWTREcmx3a0ZLa0JuUmlfVl9hblVmMzlmWDRkb3I4WDZDVnA1b0R4RUtfVF9WNWt2YXBDRmJHU3NibnZULXI1SnpXRG9OWHc4eUVhVHpKUmYtc1JoVjE2OVBfcnlaZFJMbTlmd1ZURmpVdDl1SXdXVHMzaTNDYVFIQmx6WUpNem5idFVlOG44VjN2U05WTlM5aGdycHB1TE1ENlk5NXg0UURTSnFfdEE5bm00bWZzakFmYTVxcTBSaFR1a3ZxMWNLNkUzOUhEZE9WcEd1TnFRX0xrQTF2WXhuVHhaUWhnWlpPWkRJWnZaUFM2cTQySk1ial9XczlHa2VkMVpNTXF3aTVJRmZXdmNJSFRycExUR25jazZoblRMT3QteDJKMF8tZXhoNm9NUWNualBPbkFaVVFVN2FlZjB5NDJQRC1ZRk5kT1RLV0FaSVdiQ21Ya1lTYk1QLXJIVWIzbXZLeTN3RjRKSV9DMXBBY212TDAtd3JMSlpJQQ?hl=en-US&gl=US&ceid=US%3Aen
"Strong winds, heavy rain expected as atmospheric river reaches Bay Area midweek",https://news.google.com/read/CBMihwNBVV95cUxQcjU5QzNaN29JUlRvcTlrRlB4TkZWOGl6NlFKZTAta05rQ21RQzRJOS1vZXVmY3B1Y2ltQ0ZpdGgtTGhpTFozRmpfQ3JhV2VtS0VCUXFjaGtwa3JCTXV2NHlWcEdiNmdMT24zaXpNWHNQX0FUWUdkejlsd19SVnRuREVJUjBVSmx3Yl9mOUtxVDZacGxTMk1QdV95NzlBMjZkajNsVVhrWV94UUtOaUphdExxOE1Kb0JXT2JvX3pWcWM3OVUxbWpjcXpwUVNzTVQyQUNsU2xOUVhiOFN0QVBCUGV1MUFmZDRndXBXQzF0aUh4S1hjWjlwVkNtVk8xdVFZdE1BNUMxMkdLMW1XdzhZU2Q2b3cxakJuN3ZINE9YeXcxVlpuWWlwS2RMTzdNa0ZMT0FlTVVSLXNUQXJSMlFkajNyYVpmMGFaRlltd0VEZzFtcjRuU1l4ZU5TR0wxLUU4Sk1xVVU4aHJtM2FLWGpiTThLWjhNcV9JUVROdGc3b3QxSjdQckp3?hl=en-US&gl=US&ceid=US%3Aen
"Citing dysfunction, Duluth aims to consolidate commissions",https://news.google.com/read/CBMitgJBVV95cUxPVGdkWTY5RFl1TUxxZ1I5ek05QlhvTW1waHE5d1ZacDI2STZheXR2cWhfMk9OZDV2cFh3Ukd0V09uLU9mOFhqMmtNUlBxSXg0ZVdKdzhodjlKMUhsdm5aUkVYRDZ4OW9vSFhvemlSSmJWNEF0Y2ZXd2x2dzl4SDZlS1VKdlpWMFJUY19PbE9tN0dVbm1NV2g0ODQ0UG1hQWxBQlhXMXhkM0o0SkNhSnNYYlI5NmNmM2x4TUk5Y2NkclZXVGttNmdkTXM3WmhNT0pGZFNJNDd3UjM4VzBocTdEVnhwYkpWNDdSYUtqZUZEeWNBMkhoV2FTTDVqOC1MX21nbXB5QUROdC1lRlB5YkNmNjN4aHRrU2I3UklmR2k0cE5xc2ZoSDJUOFN3d2JtbDA2SW43NWpn?hl=en-US&gl=US&ceid=US%3Aen
‘Love Ride’ brings biking community together at Castaic Lake,https://news.google.com/read/CBMi0gJBVV95cUxQaG43Uk83czlaVlZOZV90bkdhRjk1bThmaHNBZFE1MTVBSEpBTzRQSmxqTkxxcTY4VmFkU2Y4ejBYOUw1RUFhWExjNy1kcWNGMmdaalozQjhuYm9UdGdOdF9VeVpiMGFPem5xaVNrZnh5Y2dublA1RTJpTHZuMWtFZWxuVHQ4N0ZpNUNLUkNNOXVWSmJtdXJCZjhZRk56QlZmNW9WbjBOUkxEUnNXWXgzbl9uZ3NUVmdWOU9JN0c2eE94N3otUGlmOHZld0lHdmtWb0JUU0g3bko5a3JhbnRWZVN5RXEtUXBoQnRwMjhUdTVtN2g0dldRZHR0WWtYUmlCNkwwMUNBMWFxR0dNZUUtR18zR2hPY1k1NVdrT2lOUm1paEZNM2Q4M3FvaFZ2QzJ6SURhZUZ4ZXlfYU0zWm53czRvdWVrOWs4VlRPcWhILW5Bdw?hl=en-US&gl=US&ceid=US%3Aen
WiSH Foundation hosts annual ‘Wine Under the Roof’ fundraiser,https://news.google.com/read/CBMi0wJBVV95cUxQRFZLZ1JnMGNoS0JHS3piRnV1SXMyUmFNNUE5U2pwWGFtc3lMRldQWjJIdzM3b3BsVE42ZEpIbUpsTWZWOW45TTdhSVZSSHRTMHZ6NXYyRDVIQW9QRFNLeHlhZkFMdG9OT2RQLTVwWFAxazBIdlVYQkpfd2pJUUJNOEJQaEh1eEt2aG0tMWdTeG5CcHlPR01aU0FxZW03V1lrVEJXb01kbjRLUXNfczFGUDRVV1FPTDZMYS1OZEcyUVhSaldLQk9UOEFrVklLVk9JMGFjcUVEbGR6bmhYRW4zREtCZ3R1clhIWmlnOUFrbndzQzNBdkMtbjVlV2k2dzVMS3lGZEoyRDAxX25GaEptVllwWVRFQ2RLd0t6dXdNLVB0cE94T2xzVGdaT0NfWGE4TjFiUnZNeVY3U01zLVcwZ1ZLRURxYTVWaXJ0SjlxTUdrMTA?hl=en-US&gl=US&ceid=US%3Aen
An anonymous bag left for air traffic controllers at Spokane Int,https://news.google.com/read/CBMiywJBVV95cUxQV054b1VybUF6MFdRY2NnYWtRaU83Ry0xcFljZzBTYW5jUzBKQ0k4NkszMC1WT0stMmxsblNJYjJiamc1NjBicEF2TU1Oa01VTmdTTUxMS2R0OWlLcmp1NFNibVd6NXNJbzVZRDZMXzVUUkJaa1l2RUhNYW5yYnJNa011aXRkZHNBNy1NZnJOeVFDU2VNNEJoQXNzaDhnQjlmTGl0dndhMW5oQU1OUzdhLWJEdGRKSDZSWTdYMU9rVWYzTDU0MFpjbGVYeUs5dXg3MnNkRWJLelVRRWhOVmFoR0VzUHR0TDZPTnpnRndKOTBBNUQyUGxKbUdldXJZX2ZqM1NKd1pkU002UF9NQWNjaThyMXNuZTBieW1sYVY4WVk5QVNMNmFxMmRPMlA2QTFGQUZEeHg3QURyb0JhdU0wcDBsMzI0X0tFWmdz?hl=en-US&gl=US&ceid=US%3Aen
Crews battle Laramie wildfire that forced evacuations to 100% containment just after midnight,https://news.google.com/read/CBMiwgJBVV95cUxQVzRFeDFMZWtZYVZYVnI3RFlTRDZmNzVzWHl0NVhGMFQ4UGdLUFd6TERWd1JkQU53WmgtY1dLWUNjUWNqdEl3cC04a3RBOTZMaHVpSkZldEFxU19Ta2pndUMzNTFuUS1hNTZtTjc4MHVRUjBOLXJEbmVMZ3Z2aTNqNTBvdFVNZWhWb0ZrZGxTdGNEQ1Rfb1dUSkx2cWwtWE5NQUVEMTljMms2YjJVM2EtNWx3SlhzTmR2aFBmSVpsdW5nWlJlZkxaN2hLQ2dwSnBiTHhYejZBTjBCeG00UUQtS2dobHBScEdfb3d5WGpiMWdYbUlEQWVMQUpfVjRyOUZmMjBfT0U1Qlh5Y0E0d2Vnd2xKYUk3MTY5bTFQV2JMeUJ1eGVYZmpFUnVYZi1JUmszYlVpRDVxMlA0UFQ2cnVZcEFR?hl=en-US&gl=US&ceid=US%3Aen
Former Air Force chief scientist takes helm of $2 billion Berkeley Space Center at Moffett Field,https://news.google.com/read/CBMikgNBVV95cUxPZ21fWTJpR2R5MnVZNEtwVWZOR0dwa0FHa2hKWV9VZ1Z1UWJXWHF3SDFUbnJFeW5FOEFWaVdjdmJydTRZSUZqbXVEU3ZDeDB5a1piSHRlS2tMcXZLUHduVG5lWkt4MnVXQTlKZEppeXU1M1ptT2VpdkZtVjNOcW5TVnRnazJGSGtGSll6cEpRT3lJb0hhTm5zSGJRUUZrRDlob0p1eV96MVJMY3ZqUmtSS0pGNklicE1oVmpFYXcyN2VBVTFidEd2V2FpSWdFOWxaUXZHaXJ3T0FsZ1ZrUnVhdHNZOXlSTGNhYllRWmtYMUJ1VEJfTnE5Yk84ZDZsV1o5dHFQVDZ4MERWelRMOEpLQjFjay1BaDlpZFJkLXJ1R2xVOWM0Tl91VnpmZXdhWTVfdjI1Uk5tRzFscm11QmFlaXFYLU9ta0FTTGJsMnpvODdQZVVKNHB0OTdkcG1tZ0JaeW9FbGltdWxFak9RVkl2bi14TndRWlQtdGx0a0V4VVhwb1lwUkV1c1FpTHBDTGE5V3c?hl=en-US&gl=US&ceid=US%3Aen
Sequoia High addresses use of racial slur in schoolwide campaign,https://news.google.com/read/CBMi8wJBVV95cUxNUW15T3hyd183WDlQSi1RRHNEamFNZ0ZKdDltYmlRMlp0WlpGZzNDVUhUTjI1dXB1anlWV0E0RWxKMkdENXBUaENjQ29GQm9mbUNNSlFYWUtZbFF6WDdHRk51SzBUcmNxUGtZeHRQdHUyVEFPSFlNdE14aTVVclRwcERnVDR0VkFtOGh5UlRQT2dUU0JnMVloNEROdk1WZEVhV0dpUEthMHpkYTh0UGJsQnlUXzZYRTZJbW9nbWlJS2p5c2NCM1E3TnV1TE1iWW5BOW5PRnRUNjI5SHE0eUVYTThTVHljTWdGb3FHU2xYYXNJSGplV2VRZGZtQzJzRHhrYzh1R3RxbVpVS3h6aE12NHh0cjNndFY2LTJaZlJyTThzcm50ZjZPcUlHVk1OMlVWanFiREFVOTZDUnNVRlpfbEVSaE1JcWRnUng0S1F4bjNUNlo4bVRPVldvLXJvUkpBd0xzRG14Ml9DX0RfMlB6S1dzVQ?hl=en-US&gl=US&ceid=US%3Aen
Dreaded AI Bust Is Here — Wipes Out $1.1 Trillion In Stock Value,https://news.google.com/read/CBMi1gRBVV95cUxQa3dHS3QydU5uT1ZNcS1WR3hVWjl0NTdhcHpCbmlDTGpEUXl2ZUxhNkdnSnhkdFFCa2xRQnpObXJITW93OGtidElEbVhrTk9UZkZ4d2NYZ3ZBaHhwS012Rzd1V3Q5enFwQTBFcVotVzFDNzZDWHZJUTBJSXM2YnlMel83WWlNUXAzakdsYUNkaV9XdnVmN3JCODZpejZrNmw0a3pMOGZlZFBVV29kMVFRNjlPRnIwYWRXZ2VXWk01bC1zelFvZGpzZjRxZ0JzeEhmT241aGpka2d5NzZrSTl3MVFGRGVCN2M5YmNEcHVtVWJlRVNXOWZHWnA1Rkg1aGtqTjQteDM3RzluWjU4elhoV3NnaVNIZzJvNDV3WDM0ZGE0MXdOYWhOWGRxcEQzczFjQzk5V20yMV9jSmVzTFprMGhWUmxodDU4dHAwOWJGYzhPUHlYbEVjclJXamxEb1BzUTdqaG9XNFVxZ0NMNzNDZ2FTaWpXZFpWbDBfQ095NmV2ak5NSnlJeWkxcllValRxTUFHWXduOTJKMkY2M05FVWFPNXBFLW0xRnFaSVM1Ujk4YUhDM0ptOVlvVldmLWVCUmY4MTM4aXJYdXB2WXZxM3VIRHNTQV9mZnplMW52WU1uckxYUlE2anFDWXRfTkkxRHBvc1pKeHZaUkJINDFIaFZrZllkWEE5Nm94cVp4VDQ3ZWg3RVowZFg5aVR0S2tPSkkxV0xPRHduZ1gyMV80bi1sYk1YWWdRMXp2Vy0yakxhVXBLSVBsd3JPNFAtQmU1MDJSa2JR?hl=en-US&gl=US&ceid=US%3Aen
Prairie Ridge beats St. Viator to make return to Class 3A state tournament,https://news.google.com/read/CBMixgVBVV95cUxNTVJ3cXUtT2hxOVd3RHhKOGQ3UW1Jb3BicDROWUlsbjRxbHpyTmxJQWwtSmxoQng2MXVzTHZXRTZCZ0g5dTZrbTY3aGFfc1ptbzZEMG93dk9LNnE5ZHNMQXFNVzl0RG9zSkZsWHk1RVk3VFpodmJBSXkwaWVpeTRFdndQQ3dmNzVFczhzZmlXakkxS3E0R3ZXcFVmVmN0cmk1M2hQYlczMjRpVmdwVk1GREhVdWhkLXZoaWkyRG1UMmNQY2N2Ni1CMWhkNm5oeWVwVW54TWNiRk5IdUNtQXp0aTFyQlRoUE44eUVkUF81SGwwS3lvZXE0QzZ4WlhueHBqWWR1M3J4REI0WUdXbjhoODEyQzBKUEJ4LUZuZ2ZCTGU5MkRwOEtuRXhTZl9oZ2hVUjdKTlBXcHFsQm1EODFmTHp0T0VyNWNFWV9IUmF1ekg5VGVqSk14WnlVdXdrNVVCS1M3NkVmUGJxRE1SZTBNUjBXNkNIU2haRVByU25pN2pNTThidTRlVUwyNDNiS3NpS1d4YmhsS2xCNVBpaHZlb0RvNllBaV9BY2RrTkFWQXZVbGFiRmducXBPbWxNU3ZsWDFJd21EYmhUcEx6TmJBeW1nUmx5WDJGMFU5ZE51VFdMU2VPbG1JajlqdXViTE91NjJTaGxmempRNTNuRy1zTHRfSFRLdWg0NkpnU2x4dnRDM2lIYzBCOHRvdzRHd3N3SlF2TzYwbXBqSG40Nzl4dkY0aVZuVEs2azJkaVl4a2ZRUWZ6MWpxVEdlV2xva2ZEQ1FIRW9HSnV6VDVlQmFjSERSTG15OWhYcnR1Sm1NSm5QLWhia2NLVzhWcVprcWdYVWM1bTZ4ZjQ3Rk9XNEtXVjJYTXdvbUxZN0d1UTVwcUZtbUtpbEswaTJNeklCYVY2SU5tTkdlME1DOV81c3hUbkRRWTZRQQ?hl=en-US&gl=US&ceid=US%3Aen
What Democratic wins last week tell us about Maine’s U.S....,https://news.google.com/read/CBMi2AJBVV95cUxObE5sNU9RNkxySVFJdEpGQXgwU0Y1bGk0VFZIYUI2bW5aSjZ3R1E5TE9FTkxyT3RmRXphdW91YmFHSktINmRLdl9iZ3N5RUVwYWdqbFBrdk9hU2pBb0pUVUdTSWJyeTd1VlU3Rlp1RUFMdkRGdU1yLTN3RFVQQzFReS1qNzNGUHdDWlMzcTZ2ZWJuM25UUnlVbDNLOGNfZERrajVJcUdoaEZRSEhQSjdKVllNVWtqbktmeU5rdTY2bEpfNm96QS1ERUpjblpRWGhpWmdHaXRqckZ3RDBDR0Y4Z0Jaakd6ZG9OMmV5TDhueVFBcGJPSHV2RlQ4cnc4dWt3WmxIRUY3enRXWXVDSWVVeFBnTjdUVndSTFI2UmY4eXJOa2xiRzB1NndmT0ZRcG92WUVjU1NFZkNNVmJObVluNE5vOEc4ZGt6Q2NwLUtqOGRYZmdZVTUwNg?hl=en-US&gl=US&ceid=US%3Aen
"Willmar Council, Kandiyohi County Board approve funding for rail corridor study",https://news.google.com/read/CBMiwwJBVV95cUxPZUlPdXZMRWJEbER4UlNpbDJXdzZ0cEFoQ1lMNW9wRWkwRXFjM1dZSjZ5SEswSGw4Qjd6dnh4cFFGNnNCZWtjdHpXbEVKNXEydHlkeXA5YkxVa25waFRvS0NocHRKQ2RGU0lMREpmU1o2YVJRX0tXZHNBUGFRX2g1UWFvb0tvNS1sWjk1di1aVnRROHBGMDVUdi1vV0JJNGd2N24tMUVkNFFWVDhPUEdyeDVyT3pmeF80X182dHVJaThmRDNaY1RRSlczblJmbW1HbXY1LVBfQ1FPQkpqRm5kLVlkRG4xcjM3NkZTQ01ST2RKWGJ6LTF5NmZudkJDYTJRallUWEJoTk4tSzlWUFF5OVZyOTBWSzJUSnhSdHMyVDVjYXRWMXl4V0FaVXpLOEZfaVFXQmF6RXFDbXFDaDBlVjhyVQ?hl=en-US&gl=US&ceid=US%3Aen
Fargo postpones vote on annexing AI data center land; Harwood mayor tells big city to 'back off',https://news.google.com/read/CBMihgNBVV95cUxQdFoxd1lwUWo5MGlCcHVwWmxGQXVtNXVVZ0pSMEFYMHFtSjBXa3B1Slp6UTVSSWdPem03WG5ka2Z5T19CLVY3QnZYM2tvclVQUDFWalpuNTh6aG93LVliQWJzTlpRVUNweHExTXBLS1Q1TlFwbU5MdGNmZUxCWkU0SlhKZFYzUERZaTBuVnhYVlNwbUpEN2Myb25fMTQ4MFFVWXFZYW1EVUVMUHhnUWxpaklQSi1qT241NWIxRzRiQWdQRUU4bUVIdnJ3WjlOZWlWc210a3djb24yd0xDM3dKVGN2bFBPN3NieFYwLXhDbVVtNmlsQmdPZXhrMVhBOGR5c3pxRG55S3ZwQ1lVMmNja2VTR0tUX3JpdHJmRklsZTdjQ3FfTU5sS2NhbFRfRC1TcDNBLVVzaFFuRDNBdFppcHNLSzB4bDFiUXRZTENEa0NybW03MktEck56XzJRc3BVWTRNdW5rS055Skl0c1ZJQTFYMkhTaVJOblFyNjMxc2tpRkk2WEE?hl=en-US&gl=US&ceid=US%3Aen
County Considers Selling Purcellville Main Street Property,https://news.google.com/read/CBMilgNBVV95cUxOUy1FUXppUlZVZXU4RmhfdTVqa2ZpbVBZMVZ3VU9UaXBDTmVFY282SkJKNnFldDNEWUM1TUJJTlZpWTVRbDVjT2FkYk5TWWNPSjItYnlHdHhMRzJhYXhYeUhTeS05ekVlV2s5Z0xyX2ZKYWpvZENweGtzRk9vTF9DWU5IeUdRN0pDNE9mMnVaZnhQVUpsalY3all5TTFrZEhOYWhEOTNKbnRVRmRGS2lFVGJHenlnSE1YY1VFTFI2Rm9vTkhYMHZ5bnEwTnNVWVNlMGp3dzE0eFF1TlRTSEJwb3NWUFhGRU15NUw3aGZKVGxsT0w4SUoyazJ3anBjTnF1R09IMXVYcXk3T25lT2FTYm9DRWU3LVd3MUxYXzJYMDJ5VG5TbFc2Z3lpanZoMkZqMEVzWXh6eml0TldOWWVXQkxESjFUZGFHUzZMS09DMFdnd3JlQTBvM19JbGpRRTdqNjYwWjVYOE9SUmxfN2o4RWRvdWdZTTg2cnFJTUlKVkpFdUlsYlRsS092TEhVMGJCVmpyd3Rn?hl=en-US&gl=US&ceid=US%3Aen
When will Utahns get SNAP benefits again?,https://news.google.com/read/CBMi6wRBVV95cUxNNHhXVmg2WGpaTFJhZHR3UHhlMUlvYi1ITURpZEtvMi14cW1BR1JZbE1FbnJJR1RwcjBNVFhELUxCcjBoWkdLbmJQS2RUeTRTVEJnX2xZLW10VjJsazdzaDRtRVpVSHRYckVHb3FPWUtSZDFTRWRMWlo5X1FvQk93NWMyUzF1N2lZMFFHTlNfdTJkRHppZjRjdGRZTUhqRGIzRzJXT25Nejgtdnd6SUdfZkdJbkR4NUhtcE9TWG9EdEl5dV9ibTl2Yk9XSnlpRFFxWThxX1oyZ3Rzb09hVjAyM1Uxam1lUjFyT3pDNFgxQUh6VXhyOUU5V1lsQTFpak51NURRNV91SWV5cHRZXzA1WkNUa3JMSFE5bXVKWEtzdllxNWFoSXRDREc2SkVybmVJalZrdUJFU25UUDZrQWVrWGVORUdKS3QyS09wOVZPQlpvWlZad0RHb3hnZHRKb2tLSllPX0RUMXJDZkVybi10c0Z0OVJDNzhaZ2VaSW9VY21weE5pamNYdTJtZ1NQbXJyVlBSQ2d3MjQzd3NqYlhfeVQ2WjcxYWJyMlVITXh4SFpUdE53OTNGaFVXZUxKRF9TejgwajJrTW5LT1ZpQW9BYk1uZDdkWUpsY1JFMlBDNXpNQmxyck1lMHlscjk4YU01SzdrcW9pejBMUk9mQlNqcVlDVHE0MS1wQ2pPdmFyZlVtUDZfbzZoZWdoRXlWbF9JU0RSUmwzbmhBbHNNSDBPY1dHN1dkY1FPSFNjcURfdHo2VjJWVXJNZlhTdzJVQUtrUnhkSmlLM2RWdEItSXpVX3pfckRmTkhYaHZZ?hl=en-US&gl=US&ceid=US%3Aen
